{"MIN_AVERAGE_PRICE":"0.29476754166908614","northeast1_INSTANCE_TYPE":"c4.xlarge","northeast1_OS":"Windows"}
{"MIN_AVERAGE_PRICE":"5.0120154249738311","northeast1_INSTANCE_TYPE":"i2.4xlarge","northeast1_OS":"Windows"}
{"MIN_AVERAGE_PRICE":"1.7991331070889751","northeast1_INSTANCE_TYPE":"hi1.4xlarge","northeast1_OS":"Windows"}
{"MIN_AVERAGE_PRICE":"0.71244708588956429","northeast1_INSTANCE_TYPE":"r3.4xlarge","northeast1_OS":"Windows"}
{"MIN_AVERAGE_PRICE":"7.3116373248406017","northeast1_INSTANCE_TYPE":"i2.8xlarge","northeast1_OS":"Windows"}
{"MIN_AVERAGE_PRICE":"0.035099999999999944","northeast1_INSTANCE_TYPE":"m1.small","northeast1_OS":"Windows"}
{"MIN_AVERAGE_PRICE":"0.056881090245175327","northeast1_INSTANCE_TYPE":"m2.2xlarge","northeast1_OS":"Linux/UNIX"}
{"MIN_AVERAGE_PRICE":"0.13746203966005976","northeast1_INSTANCE_TYPE":"m4.2xlarge","northeast1_OS":"Linux/UNIX"}
{"MIN_AVERAGE_PRICE":"0.031595501955671235","northeast1_INSTANCE_TYPE":"m4.large","northeast1_OS":"Linux/UNIX"}
{"MIN_AVERAGE_PRICE":"0.48108384925976444","northeast1_INSTANCE_TYPE":"d2.4xlarge","northeast1_OS":"Linux/UNIX"}
{"MIN_AVERAGE_PRICE":"0.21437401027500921","northeast1_INSTANCE_TYPE":"i2.xlarge","northeast1_OS":"SUSE Linux"}
{"MIN_AVERAGE_PRICE":"0.16244680900488176","northeast1_INSTANCE_TYPE":"m3.xlarge","northeast1_OS":"SUSE Linux"}
{"MIN_AVERAGE_PRICE":"0.19645893836721581","northeast1_INSTANCE_TYPE":"m3.2xlarge","northeast1_OS":"SUSE Linux"}
{"MIN_AVERAGE_PRICE":"2.4616012812690671","northeast1_INSTANCE_TYPE":"c4.8xlarge","northeast1_OS":"Windows"}
{"MIN_AVERAGE_PRICE":"0.17603183453237337","northeast1_INSTANCE_TYPE":"m2.xlarge","northeast1_OS":"Windows"}
{"MIN_AVERAGE_PRICE":"0.9490817260940092","northeast1_INSTANCE_TYPE":"r4.4xlarge","northeast1_OS":"Windows"}
{"MIN_AVERAGE_PRICE":"0.29221069306930797","northeast1_INSTANCE_TYPE":"m3.xlarge","northeast1_OS":"Windows"}
{"MIN_AVERAGE_PRICE":"0.16189434093508728","northeast1_INSTANCE_TYPE":"c4.2xlarge","northeast1_OS":"Linux/UNIX"}
{"MIN_AVERAGE_PRICE":"0.044800554612005286","northeast1_INSTANCE_TYPE":"r4.xlarge","northeast1_OS":"Linux/UNIX"}
{"MIN_AVERAGE_PRICE":"0.795545690376576","northeast1_INSTANCE_TYPE":"d2.8xlarge","northeast1_OS":"Linux/UNIX"}
{"MIN_AVERAGE_PRICE":"0.12653180551816928","northeast1_INSTANCE_TYPE":"r4.large","northeast1_OS":"SUSE Linux"}
{"MIN_AVERAGE_PRICE":"0.21568530135301286","northeast1_INSTANCE_TYPE":"i3.2xlarge","northeast1_OS":"SUSE Linux"}
{"MIN_AVERAGE_PRICE":"0.16742943619230197","northeast1_INSTANCE_TYPE":"m4.xlarge","northeast1_OS":"SUSE Linux"}
{"MIN_AVERAGE_PRICE":"0.13159550195567138","northeast1_INSTANCE_TYPE":"m4.large","northeast1_OS":"SUSE Linux"}
{"MIN_AVERAGE_PRICE":"0.125873208379272","northeast1_INSTANCE_TYPE":"m2.xlarge","northeast1_OS":"SUSE Linux"}
{"MIN_AVERAGE_PRICE":"1.769266857038692","northeast1_INSTANCE_TYPE":"c3.8xlarge","northeast1_OS":"Windows"}
{"MIN_AVERAGE_PRICE":"1.0307212132144583","northeast1_INSTANCE_TYPE":"r3.8xlarge","northeast1_OS":"Windows"}
{"MIN_AVERAGE_PRICE":"0.65463273522541476","northeast1_INSTANCE_TYPE":"g2.2xlarge","northeast1_OS":"Windows"}
{"MIN_AVERAGE_PRICE":"0.83255647899910135","northeast1_INSTANCE_TYPE":"c3.4xlarge","northeast1_OS":"Windows"}
{"MIN_AVERAGE_PRICE":"1.1560124698310561","northeast1_INSTANCE_TYPE":"i3.4xlarge","northeast1_OS":"Windows"}
{"MIN_AVERAGE_PRICE":"0.14128041074249573","northeast1_INSTANCE_TYPE":"m1.large","northeast1_OS":"Windows"}
{"MIN_AVERAGE_PRICE":"191.17300000000003","northeast1_INSTANCE_TYPE":"x1.32xlarge","northeast1_OS":"Windows"}
{"MIN_AVERAGE_PRICE":"0.28545482471414346","northeast1_INSTANCE_TYPE":"c4.4xlarge","northeast1_OS":"Linux/UNIX"}
{"MIN_AVERAGE_PRICE":"0.097224675155927115","northeast1_INSTANCE_TYPE":"c3.2xlarge","northeast1_OS":"Linux/UNIX"}
{"MIN_AVERAGE_PRICE":"0.197997374179432","northeast1_INSTANCE_TYPE":"r3.4xlarge","northeast1_OS":"Linux/UNIX"}
{"MIN_AVERAGE_PRICE":"1.4619061635944783","northeast1_INSTANCE_TYPE":"i2.4xlarge","northeast1_OS":"Linux/UNIX"}
{"MIN_AVERAGE_PRICE":"0.11568530135301386","northeast1_INSTANCE_TYPE":"i3.2xlarge","northeast1_OS":"Linux/UNIX"}
{"MIN_AVERAGE_PRICE":"0.025873208379272258","northeast1_INSTANCE_TYPE":"m2.xlarge","northeast1_OS":"Linux/UNIX"}
{"MIN_AVERAGE_PRICE":"0.14530512406697144","northeast1_INSTANCE_TYPE":"c3.xlarge","northeast1_OS":"SUSE Linux"}
{"MIN_AVERAGE_PRICE":"0.37119935602575888","northeast1_INSTANCE_TYPE":"m4.4xlarge","northeast1_OS":"SUSE Linux"}
{"MIN_AVERAGE_PRICE":"0.31227419097437736","northeast1_INSTANCE_TYPE":"c3.4xlarge","northeast1_OS":"SUSE Linux"}
{"MIN_AVERAGE_PRICE":"0.29799737417943495","northeast1_INSTANCE_TYPE":"r3.4xlarge","northeast1_OS":"SUSE Linux"}
{"MIN_AVERAGE_PRICE":"0.8648418456032676","northeast1_INSTANCE_TYPE":"i2.2xlarge","northeast1_OS":"SUSE Linux"}
{"MIN_AVERAGE_PRICE":"0.12414252046638383","northeast1_INSTANCE_TYPE":"m3.large","northeast1_OS":"SUSE Linux"}
{"MIN_AVERAGE_PRICE":"5.6347982348111918","northeast1_INSTANCE_TYPE":"i2.8xlarge","northeast1_OS":"Linux/UNIX"}
{"MIN_AVERAGE_PRICE":"0.764841845603268","northeast1_INSTANCE_TYPE":"i2.2xlarge","northeast1_OS":"Linux/UNIX"}
{"MIN_AVERAGE_PRICE":"0.19722467515592373","northeast1_INSTANCE_TYPE":"c3.2xlarge","northeast1_OS":"SUSE Linux"}
{"MIN_AVERAGE_PRICE":"0.30560527912621055","northeast1_INSTANCE_TYPE":"d2.2xlarge","northeast1_OS":"SUSE Linux"}
{"MIN_AVERAGE_PRICE":"0.12221948998178564","northeast1_INSTANCE_TYPE":"c1.medium","northeast1_OS":"SUSE Linux"}
{"MIN_AVERAGE_PRICE":"0.0702184143222505","northeast1_INSTANCE_TYPE":"m1.medium","northeast1_OS":"Windows"}
{"MIN_AVERAGE_PRICE":"0.021306910299003463","northeast1_INSTANCE_TYPE":"m1.large","northeast1_OS":"Linux/UNIX"}
{"MIN_AVERAGE_PRICE":"0.1085909317803664","northeast1_INSTANCE_TYPE":"r4.large","northeast1_OS":"Windows"}
{"MIN_AVERAGE_PRICE":"0.22237771520514935","northeast1_INSTANCE_TYPE":"i3.xlarge","northeast1_OS":"Windows"}
{"MIN_AVERAGE_PRICE":"0.85628092189500282","northeast1_INSTANCE_TYPE":"cc2.8xlarge","northeast1_OS":"Windows"}
{"MIN_AVERAGE_PRICE":"0.056281127026601388","northeast1_INSTANCE_TYPE":"r3.xlarge","northeast1_OS":"Linux/UNIX"}
{"MIN_AVERAGE_PRICE":"0.16673163233937929","northeast1_INSTANCE_TYPE":"r4.2xlarge","northeast1_OS":"Linux/UNIX"}
{"MIN_AVERAGE_PRICE":"0.026531805518170092","northeast1_INSTANCE_TYPE":"r4.large","northeast1_OS":"Linux/UNIX"}
{"MIN_AVERAGE_PRICE":"0.15628112702660182","northeast1_INSTANCE_TYPE":"r3.xlarge","northeast1_OS":"SUSE Linux"}
{"MIN_AVERAGE_PRICE":"0.041329758935993166","northeast1_INSTANCE_TYPE":"m1.xlarge","northeast1_OS":"Linux/UNIX"}
{"MIN_AVERAGE_PRICE":"0.11311312220533982","northeast1_INSTANCE_TYPE":"m3.medium","northeast1_OS":"SUSE Linux"}
{"MIN_AVERAGE_PRICE":"0.12234483240223398","northeast1_INSTANCE_TYPE":"c3.large","northeast1_OS":"SUSE Linux"}
{"MIN_AVERAGE_PRICE":"0.22686139534883595","northeast1_INSTANCE_TYPE":"i2.xlarge","northeast1_OS":"Windows"}
{"MIN_AVERAGE_PRICE":"0.46988240495137007","northeast1_INSTANCE_TYPE":"m4.2xlarge","northeast1_OS":"Windows"}
{"MIN_AVERAGE_PRICE":"28.637869083969505","northeast1_INSTANCE_TYPE":"i3.16xlarge","northeast1_OS":"Windows"}
{"MIN_AVERAGE_PRICE":"0.40167581967212695","northeast1_INSTANCE_TYPE":"c1.xlarge","northeast1_OS":"Windows"}
{"MIN_AVERAGE_PRICE":"0.17150893816039844","northeast1_INSTANCE_TYPE":"c4.large","northeast1_OS":"Windows"}
{"MIN_AVERAGE_PRICE":"3.7995542473919564","northeast1_INSTANCE_TYPE":"m4.16xlarge","northeast1_OS":"Windows"}
{"MIN_AVERAGE_PRICE":"0.1247520386266093","northeast1_INSTANCE_TYPE":"m4.large","northeast1_OS":"Windows"}
{"MIN_AVERAGE_PRICE":"0.95331039744499768","northeast1_INSTANCE_TYPE":"c4.4xlarge","northeast1_OS":"Windows"}
{"MIN_AVERAGE_PRICE":"0.045305124066976933","northeast1_INSTANCE_TYPE":"c3.xlarge","northeast1_OS":"Linux/UNIX"}
{"MIN_AVERAGE_PRICE":"8.2637849449204648","northeast1_INSTANCE_TYPE":"i3.16xlarge","northeast1_OS":"Linux/UNIX"}
{"MIN_AVERAGE_PRICE":"0.10642133213321255","northeast1_INSTANCE_TYPE":"c1.medium","northeast1_OS":"Windows"}
{"MIN_AVERAGE_PRICE":"2.4870601607347904","northeast1_INSTANCE_TYPE":"m4.10xlarge","northeast1_OS":"Windows"}
{"MIN_AVERAGE_PRICE":"0.11437401027500721","northeast1_INSTANCE_TYPE":"i2.xlarge","northeast1_OS":"Linux/UNIX"}
{"MIN_AVERAGE_PRICE":"0.098383362941735331","northeast1_INSTANCE_TYPE":"c4.xlarge","northeast1_OS":"Linux/UNIX"}
{"MIN_AVERAGE_PRICE":"0.46443520250488396","northeast1_INSTANCE_TYPE":"r3.8xlarge","northeast1_OS":"Linux/UNIX"}
{"MIN_AVERAGE_PRICE":"0.35165341335173717","northeast1_INSTANCE_TYPE":"g2.2xlarge","northeast1_OS":"Linux/UNIX"}
{"MIN_AVERAGE_PRICE":"1.2990815621562066","northeast1_INSTANCE_TYPE":"m4.16xlarge","northeast1_OS":"Linux/UNIX"}
{"MIN_AVERAGE_PRICE":"0.013113122205339762","northeast1_INSTANCE_TYPE":"m3.medium","northeast1_OS":"Linux/UNIX"}
{"MIN_AVERAGE_PRICE":"2.5630999233128846","northeast1_INSTANCE_TYPE":"cr1.8xlarge","northeast1_OS":"Linux/UNIX"}
{"MIN_AVERAGE_PRICE":"2.6630999233128736","northeast1_INSTANCE_TYPE":"cr1.8xlarge","northeast1_OS":"SUSE Linux"}
{"MIN_AVERAGE_PRICE":"0.76866041270703056","northeast1_INSTANCE_TYPE":"r4.8xlarge","northeast1_OS":"SUSE Linux"}
{"MIN_AVERAGE_PRICE":"0.35099075630251958","northeast1_INSTANCE_TYPE":"m2.2xlarge","northeast1_OS":"Windows"}
{"MIN_AVERAGE_PRICE":"0.54667088477366532","northeast1_INSTANCE_TYPE":"m2.4xlarge","northeast1_OS":"Windows"}
{"MIN_AVERAGE_PRICE":"1.7521871065989738","northeast1_INSTANCE_TYPE":"d2.4xlarge","northeast1_OS":"Windows"}
{"MIN_AVERAGE_PRICE":"11.189201674277072","northeast1_INSTANCE_TYPE":"i3.8xlarge","northeast1_OS":"Windows"}
{"MIN_AVERAGE_PRICE":"0.8972641430829007","northeast1_INSTANCE_TYPE":"m4.10xlarge","northeast1_OS":"Linux/UNIX"}
{"MIN_AVERAGE_PRICE":"0.032113074324324094","northeast1_INSTANCE_TYPE":"r3.large","northeast1_OS":"Linux/UNIX"}
{"MIN_AVERAGE_PRICE":"16.155529411764629","northeast1_INSTANCE_TYPE":"x1.32xlarge","northeast1_OS":"Linux/UNIX"}
{"MIN_AVERAGE_PRICE":"0.9124287537592678","northeast1_INSTANCE_TYPE":"c4.8xlarge","northeast1_OS":"SUSE Linux"}
{"MIN_AVERAGE_PRICE":"0.26189434093510278","northeast1_INSTANCE_TYPE":"c4.2xlarge","northeast1_OS":"SUSE Linux"}
{"MIN_AVERAGE_PRICE":"0.45165341335175119","northeast1_INSTANCE_TYPE":"g2.2xlarge","northeast1_OS":"SUSE Linux"}
{"MIN_AVERAGE_PRICE":"0.12130691029900244","northeast1_INSTANCE_TYPE":"m1.large","northeast1_OS":"SUSE Linux"}
{"MIN_AVERAGE_PRICE":"0.14264788990825689","northeast1_INSTANCE_TYPE":"i3.xlarge","northeast1_OS":"SUSE Linux"}
{"MIN_AVERAGE_PRICE":"1.5619061635944673","northeast1_INSTANCE_TYPE":"i2.4xlarge","northeast1_OS":"SUSE Linux"}
{"MIN_AVERAGE_PRICE":"0.14480055461200558","northeast1_INSTANCE_TYPE":"r4.xlarge","northeast1_OS":"SUSE Linux"}
{"MIN_AVERAGE_PRICE":"1.6701490451388734","northeast1_INSTANCE_TYPE":"i2.2xlarge","northeast1_OS":"Windows"}
{"MIN_AVERAGE_PRICE":"0.10310208333333341","northeast1_INSTANCE_TYPE":"c3.large","northeast1_OS":"Windows"}
{"MIN_AVERAGE_PRICE":"1.9944963523744148","northeast1_INSTANCE_TYPE":"hi1.4xlarge","northeast1_OS":"Linux/UNIX"}
{"MIN_AVERAGE_PRICE":"0.14132975893599203","northeast1_INSTANCE_TYPE":"m1.xlarge","northeast1_OS":"SUSE Linux"}
{"MIN_AVERAGE_PRICE":"0.23746203966006107","northeast1_INSTANCE_TYPE":"m4.2xlarge","northeast1_OS":"SUSE Linux"}
{"MIN_AVERAGE_PRICE":"0.13211307432432423","northeast1_INSTANCE_TYPE":"r3.large","northeast1_OS":"SUSE Linux"}
{"MIN_AVERAGE_PRICE":"0.61625780346820858","northeast1_INSTANCE_TYPE":"cc2.8xlarge","northeast1_OS":"SUSE Linux"}
{"MIN_AVERAGE_PRICE":"0.2356342191481646","northeast1_INSTANCE_TYPE":"m4.xlarge","northeast1_OS":"Windows"}
{"MIN_AVERAGE_PRICE":"0.43999694137638207","northeast1_INSTANCE_TYPE":"r4.2xlarge","northeast1_OS":"Windows"}
{"MIN_AVERAGE_PRICE":"0.17811217821782127","northeast1_INSTANCE_TYPE":"r3.large","northeast1_OS":"Windows"}
{"MIN_AVERAGE_PRICE":"0.28822777777777453","northeast1_INSTANCE_TYPE":"d2.xlarge","northeast1_OS":"Windows"}
{"MIN_AVERAGE_PRICE":"0.29040042971148311","northeast1_INSTANCE_TYPE":"r3.xlarge","northeast1_OS":"Windows"}
{"MIN_AVERAGE_PRICE":"0.062446809004893924","northeast1_INSTANCE_TYPE":"m3.xlarge","northeast1_OS":"Linux/UNIX"}
{"MIN_AVERAGE_PRICE":"15.32130068493138","northeast1_INSTANCE_TYPE":"x1.16xlarge","northeast1_OS":"Linux/UNIX"}
{"MIN_AVERAGE_PRICE":"0.51625780346820838","northeast1_INSTANCE_TYPE":"cc2.8xlarge","northeast1_OS":"Linux/UNIX"}
{"MIN_AVERAGE_PRICE":"0.66866041270704379","northeast1_INSTANCE_TYPE":"r4.8xlarge","northeast1_OS":"Linux/UNIX"}
{"MIN_AVERAGE_PRICE":"1.890770837751746","northeast1_INSTANCE_TYPE":"i3.8xlarge","northeast1_OS":"SUSE Linux"}
{"MIN_AVERAGE_PRICE":"0.25865018990775729","northeast1_INSTANCE_TYPE":"i3.4xlarge","northeast1_OS":"SUSE Linux"}
{"MIN_AVERAGE_PRICE":"0.07690778810041568","northeast1_INSTANCE_TYPE":"m3.medium","northeast1_OS":"Windows"}
{"MIN_AVERAGE_PRICE":"3.2027359949302756","northeast1_INSTANCE_TYPE":"d2.8xlarge","northeast1_OS":"Windows"}
{"MIN_AVERAGE_PRICE":"0.95241976578574494","northeast1_INSTANCE_TYPE":"m4.4xlarge","northeast1_OS":"Windows"}
{"MIN_AVERAGE_PRICE":"0.071234565863319943","northeast1_INSTANCE_TYPE":"c4.large","northeast1_OS":"Linux/UNIX"}
{"MIN_AVERAGE_PRICE":"0.42355985164649557","northeast1_INSTANCE_TYPE":"c3.8xlarge","northeast1_OS":"Linux/UNIX"}
{"MIN_AVERAGE_PRICE":"0.0042529695024077123","northeast1_INSTANCE_TYPE":"t1.micro","northeast1_OS":"Linux/UNIX"}
{"MIN_AVERAGE_PRICE":"0.17123456586332747","northeast1_INSTANCE_TYPE":"c4.large","northeast1_OS":"SUSE Linux"}
{"MIN_AVERAGE_PRICE":"0.56443520250487378","northeast1_INSTANCE_TYPE":"r3.8xlarge","northeast1_OS":"SUSE Linux"}
{"MIN_AVERAGE_PRICE":"2.0944963523744047","northeast1_INSTANCE_TYPE":"hi1.4xlarge","northeast1_OS":"SUSE Linux"}
{"MIN_AVERAGE_PRICE":"0.19595645521198715","northeast1_INSTANCE_TYPE":"d2.xlarge","northeast1_OS":"SUSE Linux"}
{"MIN_AVERAGE_PRICE":"0.56401187951807907","northeast1_INSTANCE_TYPE":"c4.2xlarge","northeast1_OS":"Windows"}
{"MIN_AVERAGE_PRICE":"0.067429436192301337","northeast1_INSTANCE_TYPE":"m4.xlarge","northeast1_OS":"Linux/UNIX"}
{"MIN_AVERAGE_PRICE":"0.095956455211986841","northeast1_INSTANCE_TYPE":"d2.xlarge","northeast1_OS":"Linux/UNIX"}
{"MIN_AVERAGE_PRICE":"15.421300684931508","northeast1_INSTANCE_TYPE":"x1.16xlarge","northeast1_OS":"SUSE Linux"}
{"MIN_AVERAGE_PRICE":"0.4165204994244201","northeast1_INSTANCE_TYPE":"c3.2xlarge","northeast1_OS":"Windows"}
{"MIN_AVERAGE_PRICE":"0.21846856649395624","northeast1_INSTANCE_TYPE":"r4.xlarge","northeast1_OS":"Windows"}
{"MIN_AVERAGE_PRICE":"0.20632857142857133","northeast1_INSTANCE_TYPE":"c3.xlarge","northeast1_OS":"Windows"}
{"MIN_AVERAGE_PRICE":"2.0163537585421425","northeast1_INSTANCE_TYPE":"r4.8xlarge","northeast1_OS":"Windows"}
{"MIN_AVERAGE_PRICE":"0.022345111731843465","northeast1_INSTANCE_TYPE":"i3.large","northeast1_OS":"Linux/UNIX"}
{"MIN_AVERAGE_PRICE":"0.17602810204081645","northeast1_INSTANCE_TYPE":"r4.4xlarge","northeast1_OS":"Linux/UNIX"}
{"MIN_AVERAGE_PRICE":"0.042647889908256818","northeast1_INSTANCE_TYPE":"i3.xlarge","northeast1_OS":"Linux/UNIX"}
{"MIN_AVERAGE_PRICE":"0.12234511173184351","northeast1_INSTANCE_TYPE":"i3.large","northeast1_OS":"SUSE Linux"}
{"MIN_AVERAGE_PRICE":"0.23355471115770107","northeast1_INSTANCE_TYPE":"r3.2xlarge","northeast1_OS":"SUSE Linux"}
{"MIN_AVERAGE_PRICE":"0.15688109024517374","northeast1_INSTANCE_TYPE":"m2.2xlarge","northeast1_OS":"SUSE Linux"}
{"MIN_AVERAGE_PRICE":"0.99726414308288081","northeast1_INSTANCE_TYPE":"m4.10xlarge","northeast1_OS":"SUSE Linux"}
{"MIN_AVERAGE_PRICE":"5.0092057812500119","northeast1_INSTANCE_TYPE":"r4.16xlarge","northeast1_OS":"SUSE Linux"}
{"MIN_AVERAGE_PRICE":"0.76115936293436648","northeast1_INSTANCE_TYPE":"d2.2xlarge","northeast1_OS":"Windows"}
{"MIN_AVERAGE_PRICE":"4.9277343749999867","northeast1_INSTANCE_TYPE":"cr1.8xlarge","northeast1_OS":"Windows"}
{"MIN_AVERAGE_PRICE":"0.11137066929133935","northeast1_INSTANCE_TYPE":"i3.large","northeast1_OS":"Windows"}
{"MIN_AVERAGE_PRICE":"0.21227419097437789","northeast1_INSTANCE_TYPE":"c3.4xlarge","northeast1_OS":"Linux/UNIX"}
{"MIN_AVERAGE_PRICE":"0.28619979052529892","northeast1_INSTANCE_TYPE":"m2.4xlarge","northeast1_OS":"SUSE Linux"}
{"MIN_AVERAGE_PRICE":"0.19838336294173076","northeast1_INSTANCE_TYPE":"c4.xlarge","northeast1_OS":"SUSE Linux"}
{"MIN_AVERAGE_PRICE":"0.8955456903765735","northeast1_INSTANCE_TYPE":"d2.8xlarge","northeast1_OS":"SUSE Linux"}
{"MIN_AVERAGE_PRICE":"0.47735585462923391","northeast1_INSTANCE_TYPE":"r3.2xlarge","northeast1_OS":"Windows"}
{"MIN_AVERAGE_PRICE":"0.0060999999999999952","northeast1_INSTANCE_TYPE":"t1.micro","northeast1_OS":"Windows"}
{"MIN_AVERAGE_PRICE":"0.812428753759255","northeast1_INSTANCE_TYPE":"c4.8xlarge","northeast1_OS":"Linux/UNIX"}
{"MIN_AVERAGE_PRICE":"0.15865018990776","northeast1_INSTANCE_TYPE":"i3.4xlarge","northeast1_OS":"Linux/UNIX"}
{"MIN_AVERAGE_PRICE":"0.26673163233937797","northeast1_INSTANCE_TYPE":"r4.2xlarge","northeast1_OS":"SUSE Linux"}
{"MIN_AVERAGE_PRICE":"8.36378494492061","northeast1_INSTANCE_TYPE":"i3.16xlarge","northeast1_OS":"SUSE Linux"}
{"MIN_AVERAGE_PRICE":"0.58108384925976087","northeast1_INSTANCE_TYPE":"d2.4xlarge","northeast1_OS":"SUSE Linux"}
{"MIN_AVERAGE_PRICE":"0.14614017595307793","northeast1_INSTANCE_TYPE":"m3.large","northeast1_OS":"Windows"}
{"MIN_AVERAGE_PRICE":"24.580440157480396","northeast1_INSTANCE_TYPE":"r4.16xlarge","northeast1_OS":"Windows"}
{"MIN_AVERAGE_PRICE":"0.13355471115770015","northeast1_INSTANCE_TYPE":"r3.2xlarge","northeast1_OS":"Linux/UNIX"}
{"MIN_AVERAGE_PRICE":"1.7907708377518008","northeast1_INSTANCE_TYPE":"i3.8xlarge","northeast1_OS":"Linux/UNIX"}
{"MIN_AVERAGE_PRICE":"0.013463364485981196","northeast1_INSTANCE_TYPE":"m1.medium","northeast1_OS":"Linux/UNIX"}
{"MIN_AVERAGE_PRICE":"0.011241906202723155","northeast1_INSTANCE_TYPE":"m1.small","northeast1_OS":"Linux/UNIX"}
{"MIN_AVERAGE_PRICE":"0.20560527912621437","northeast1_INSTANCE_TYPE":"d2.2xlarge","northeast1_OS":"Linux/UNIX"}
{"MIN_AVERAGE_PRICE":"13.179321513944101","northeast1_INSTANCE_TYPE":"g2.8xlarge","northeast1_OS":"Linux/UNIX"}
{"MIN_AVERAGE_PRICE":"1.3990815621562152","northeast1_INSTANCE_TYPE":"m4.16xlarge","northeast1_OS":"SUSE Linux"}
{"MIN_AVERAGE_PRICE":"0.11346336448598102","northeast1_INSTANCE_TYPE":"m1.medium","northeast1_OS":"SUSE Linux"}
{"MIN_AVERAGE_PRICE":"0.041241906202722986","northeast1_INSTANCE_TYPE":"m1.small","northeast1_OS":"SUSE Linux"}
{"MIN_AVERAGE_PRICE":"0.014252969502407828","northeast1_INSTANCE_TYPE":"t1.micro","northeast1_OS":"SUSE Linux"}
{"MIN_AVERAGE_PRICE":"30.072314049586726","northeast1_INSTANCE_TYPE":"g2.8xlarge","northeast1_OS":"Windows"}
{"MIN_AVERAGE_PRICE":"0.18619979052529734","northeast1_INSTANCE_TYPE":"m2.4xlarge","northeast1_OS":"Linux/UNIX"}
{"MIN_AVERAGE_PRICE":"0.27119935602575734","northeast1_INSTANCE_TYPE":"m4.4xlarge","northeast1_OS":"Linux/UNIX"}
{"MIN_AVERAGE_PRICE":"0.096458938367215211","northeast1_INSTANCE_TYPE":"m3.2xlarge","northeast1_OS":"Linux/UNIX"}
{"MIN_AVERAGE_PRICE":"0.022219489981785034","northeast1_INSTANCE_TYPE":"c1.medium","northeast1_OS":"Linux/UNIX"}
{"MIN_AVERAGE_PRICE":"4.9092057812500594","northeast1_INSTANCE_TYPE":"r4.16xlarge","northeast1_OS":"Linux/UNIX"}
{"MIN_AVERAGE_PRICE":"0.52355985164650021","northeast1_INSTANCE_TYPE":"c3.8xlarge","northeast1_OS":"SUSE Linux"}
{"MIN_AVERAGE_PRICE":"0.38545482471413783","northeast1_INSTANCE_TYPE":"c4.4xlarge","northeast1_OS":"SUSE Linux"}
{"MIN_AVERAGE_PRICE":"0.2821299625468181","northeast1_INSTANCE_TYPE":"m1.xlarge","northeast1_OS":"Windows"}
{"MIN_AVERAGE_PRICE":"0.58595348355943278","northeast1_INSTANCE_TYPE":"m3.2xlarge","northeast1_OS":"Windows"}
{"MIN_AVERAGE_PRICE":"0.4601731617647023","northeast1_INSTANCE_TYPE":"i3.2xlarge","northeast1_OS":"Windows"}
{"MIN_AVERAGE_PRICE":"54.030955833333309","northeast1_INSTANCE_TYPE":"x1.16xlarge","northeast1_OS":"Windows"}
{"MIN_AVERAGE_PRICE":"0.024142520466385545","northeast1_INSTANCE_TYPE":"m3.large","northeast1_OS":"Linux/UNIX"}
{"MIN_AVERAGE_PRICE":"0.0983720813095868","northeast1_INSTANCE_TYPE":"c1.xlarge","northeast1_OS":"Linux/UNIX"}
{"MIN_AVERAGE_PRICE":"0.022344832402234446","northeast1_INSTANCE_TYPE":"c3.large","northeast1_OS":"Linux/UNIX"}
{"MIN_AVERAGE_PRICE":"0.276028102040815","northeast1_INSTANCE_TYPE":"r4.4xlarge","northeast1_OS":"SUSE Linux"}
{"MIN_AVERAGE_PRICE":"5.7347982348111337","northeast1_INSTANCE_TYPE":"i2.8xlarge","northeast1_OS":"SUSE Linux"}
{"MIN_AVERAGE_PRICE":"0.19837208130958686","northeast1_INSTANCE_TYPE":"c1.xlarge","northeast1_OS":"SUSE Linux"}
{"MIN_AVERAGE_PRICE":"16.255529411764652","northeast1_INSTANCE_TYPE":"x1.32xlarge","northeast1_OS":"SUSE Linux"}
{"MIN_AVERAGE_PRICE":"13.279321513944316","northeast1_INSTANCE_TYPE":"g2.8xlarge","northeast1_OS":"SUSE Linux"}