{"AVERAGE_PRICE":"1.0039245734998323","INSTANCE_TYPE":"r3.8xlarge","OS":"SUSE Linux"}
{"AVERAGE_PRICE":"0.903924573499881","INSTANCE_TYPE":"r3.8xlarge","OS":"Linux/UNIX"}
{"AVERAGE_PRICE":"0.43883897748250511","INSTANCE_TYPE":"r3.4xlarge","OS":"SUSE Linux"}
{"AVERAGE_PRICE":"0.33883897748242214","INSTANCE_TYPE":"r3.4xlarge","OS":"Linux/UNIX"}
{"AVERAGE_PRICE":"0.17989545660501657","INSTANCE_TYPE":"c4.xlarge","OS":"SUSE Linux"}
{"AVERAGE_PRICE":"0.079895456605017554","INSTANCE_TYPE":"c4.xlarge","OS":"Linux/UNIX"}
{"AVERAGE_PRICE":"0.16545528564249168","INSTANCE_TYPE":"r4.xlarge","OS":"SUSE Linux"}
{"AVERAGE_PRICE":"0.065455285642486372","INSTANCE_TYPE":"r4.xlarge","OS":"Linux/UNIX"}
{"AVERAGE_PRICE":"0.868578299709865","INSTANCE_TYPE":"c3.4xlarge","OS":"Windows"}
{"AVERAGE_PRICE":"0.11220255644433469","INSTANCE_TYPE":"m3.medium","OS":"SUSE Linux"}
{"AVERAGE_PRICE":"0.012202556444342713","INSTANCE_TYPE":"m3.medium","OS":"Linux/UNIX"}
{"AVERAGE_PRICE":"0.22906179258872417","INSTANCE_TYPE":"c3.2xlarge","OS":"SUSE Linux"}
{"AVERAGE_PRICE":"0.12906179258872719","INSTANCE_TYPE":"c3.2xlarge","OS":"Linux/UNIX"}
{"AVERAGE_PRICE":"0.15442661406755387","INSTANCE_TYPE":"c3.xlarge","OS":"SUSE Linux"}
{"AVERAGE_PRICE":"0.054426614067550873","INSTANCE_TYPE":"c3.xlarge","OS":"Linux/UNIX"}
{"AVERAGE_PRICE":"0.2273002516376493","INSTANCE_TYPE":"c3.xlarge","OS":"Windows"}
{"AVERAGE_PRICE":"0.12608635832066276","INSTANCE_TYPE":"m3.large","OS":"SUSE Linux"}
{"AVERAGE_PRICE":"0.026086358320663354","INSTANCE_TYPE":"m3.large","OS":"Linux/UNIX"}
{"AVERAGE_PRICE":"0.2690019840458191","INSTANCE_TYPE":"c1.xlarge","OS":"Windows"}
{"AVERAGE_PRICE":"0.54170583384675475","INSTANCE_TYPE":"c3.8xlarge","OS":"SUSE Linux"}
{"AVERAGE_PRICE":"0.44170583384673129","INSTANCE_TYPE":"c3.8xlarge","OS":"Linux/UNIX"}
{"AVERAGE_PRICE":"0.25806783915929854","INSTANCE_TYPE":"m4.2xlarge","OS":"SUSE Linux"}
{"AVERAGE_PRICE":"0.1580678391593047","INSTANCE_TYPE":"m4.2xlarge","OS":"Linux/UNIX"}
{"AVERAGE_PRICE":"1.8247918026092764","INSTANCE_TYPE":"c3.8xlarge","OS":"Windows"}
{"AVERAGE_PRICE":"0.15198155345270331","INSTANCE_TYPE":"m3.xlarge","OS":"SUSE Linux"}
{"AVERAGE_PRICE":"0.051981553452709918","INSTANCE_TYPE":"m3.xlarge","OS":"Linux/UNIX"}
{"AVERAGE_PRICE":"6.6922053067368692","INSTANCE_TYPE":"c4.8xlarge","OS":"Windows"}
{"AVERAGE_PRICE":"0.30843132891515768","INSTANCE_TYPE":"c3.4xlarge","OS":"SUSE Linux"}
{"AVERAGE_PRICE":"0.20843132891513261","INSTANCE_TYPE":"c3.4xlarge","OS":"Linux/UNIX"}
{"AVERAGE_PRICE":"0.83931215058508524","INSTANCE_TYPE":"m3.2xlarge","OS":"Windows"}
{"AVERAGE_PRICE":"1.7941848018018887","INSTANCE_TYPE":"c4.8xlarge","OS":"SUSE Linux"}
{"AVERAGE_PRICE":"1.6941848018018562","INSTANCE_TYPE":"c4.8xlarge","OS":"Linux/UNIX"}
{"AVERAGE_PRICE":"0.9518809051955136","INSTANCE_TYPE":"m4.4xlarge","OS":"SUSE Linux"}
{"AVERAGE_PRICE":"0.8518809051954892","INSTANCE_TYPE":"m4.4xlarge","OS":"Linux/UNIX"}
{"AVERAGE_PRICE":"0.043487964294274206","INSTANCE_TYPE":"m1.small","OS":"SUSE Linux"}
{"AVERAGE_PRICE":"0.013487964294272731","INSTANCE_TYPE":"m1.small","OS":"Linux/UNIX"}
{"AVERAGE_PRICE":"0.21062167264620862","INSTANCE_TYPE":"m3.2xlarge","OS":"SUSE Linux"}
{"AVERAGE_PRICE":"0.11062167264620801","INSTANCE_TYPE":"m3.2xlarge","OS":"Linux/UNIX"}
{"AVERAGE_PRICE":"0.024879232429515369","INSTANCE_TYPE":"m1.small","OS":"Windows"}
{"AVERAGE_PRICE":"0.15050677917620262","INSTANCE_TYPE":"c4.large","OS":"Windows"}
{"AVERAGE_PRICE":"0.49744933873720115","INSTANCE_TYPE":"r4.2xlarge","OS":"Windows"}
{"AVERAGE_PRICE":"0.12640824630726769","INSTANCE_TYPE":"c3.large","OS":"SUSE Linux"}
{"AVERAGE_PRICE":"0.02640824630727277","INSTANCE_TYPE":"c3.large","OS":"Linux/UNIX"}
{"AVERAGE_PRICE":"0.11914138982337895","INSTANCE_TYPE":"m4.large","OS":"SUSE Linux"}
{"AVERAGE_PRICE":"0.019141389823380914","INSTANCE_TYPE":"m4.large","OS":"Linux/UNIX"}
{"AVERAGE_PRICE":"0.16149210335802278","INSTANCE_TYPE":"m4.xlarge","OS":"SUSE Linux"}
{"AVERAGE_PRICE":"0.061492103358020765","INSTANCE_TYPE":"m4.xlarge","OS":"Linux/UNIX"}
{"AVERAGE_PRICE":"0.012677206804641138","INSTANCE_TYPE":"t1.micro","OS":"Windows"}
{"AVERAGE_PRICE":"0.13435395817774251","INSTANCE_TYPE":"c1.medium","OS":"SUSE Linux"}
{"AVERAGE_PRICE":"0.0343539581777453","INSTANCE_TYPE":"c1.medium","OS":"Linux/UNIX"}
{"AVERAGE_PRICE":"0.068074224967335215","INSTANCE_TYPE":"c1.medium","OS":"Windows"}
{"AVERAGE_PRICE":"0.45290901003834005","INSTANCE_TYPE":"c3.2xlarge","OS":"Windows"}
{"AVERAGE_PRICE":"0.13138105628909463","INSTANCE_TYPE":"c4.large","OS":"SUSE Linux"}
{"AVERAGE_PRICE":"0.031381056289090055","INSTANCE_TYPE":"c4.large","OS":"Linux/UNIX"}
{"AVERAGE_PRICE":"0.14185899970921725","INSTANCE_TYPE":"m1.xlarge","OS":"SUSE Linux"}
{"AVERAGE_PRICE":"0.041858999709217866","INSTANCE_TYPE":"m1.xlarge","OS":"Linux/UNIX"}
{"AVERAGE_PRICE":"2.5607165796963161","INSTANCE_TYPE":"m4.10xlarge","OS":"SUSE Linux"}
{"AVERAGE_PRICE":"2.4607165796964097","INSTANCE_TYPE":"m4.10xlarge","OS":"Linux/UNIX"}
{"AVERAGE_PRICE":"0.21769321100917546","INSTANCE_TYPE":"c1.xlarge","OS":"SUSE Linux"}
{"AVERAGE_PRICE":"0.11769321100917471","INSTANCE_TYPE":"c1.xlarge","OS":"Linux/UNIX"}
{"AVERAGE_PRICE":"0.26483856128357852","INSTANCE_TYPE":"c4.2xlarge","OS":"SUSE Linux"}
{"AVERAGE_PRICE":"0.16483856128357294","INSTANCE_TYPE":"c4.2xlarge","OS":"Linux/UNIX"}
{"AVERAGE_PRICE":"0.33473428080772832","INSTANCE_TYPE":"c4.4xlarge","OS":"SUSE Linux"}
{"AVERAGE_PRICE":"0.23473428080772119","INSTANCE_TYPE":"c4.4xlarge","OS":"Linux/UNIX"}
{"AVERAGE_PRICE":"0.41127697943080005","INSTANCE_TYPE":"i3.large","OS":"SUSE Linux"}
{"AVERAGE_PRICE":"0.31127697943083066","INSTANCE_TYPE":"i3.large","OS":"Linux/UNIX"}
{"AVERAGE_PRICE":"0.03474136928790366","INSTANCE_TYPE":"t1.micro","OS":"SUSE Linux"}
{"AVERAGE_PRICE":"0.024741369287905254","INSTANCE_TYPE":"t1.micro","OS":"Linux/UNIX"}
{"AVERAGE_PRICE":"0.043246562631800711","INSTANCE_TYPE":"m1.medium","OS":"Windows"}
{"AVERAGE_PRICE":"0.12993250841417756","INSTANCE_TYPE":"r3.large","OS":"Windows"}
{"AVERAGE_PRICE":"0.11051801501251121","INSTANCE_TYPE":"m1.medium","OS":"SUSE Linux"}
{"AVERAGE_PRICE":"0.010518015012510431","INSTANCE_TYPE":"m1.medium","OS":"Linux/UNIX"}
{"AVERAGE_PRICE":"0.084929304713018322","INSTANCE_TYPE":"m1.large","OS":"Windows"}
{"AVERAGE_PRICE":"0.10935081621906267","INSTANCE_TYPE":"m4.large","OS":"Windows"}
{"AVERAGE_PRICE":"0.12075792792792842","INSTANCE_TYPE":"m1.large","OS":"SUSE Linux"}
{"AVERAGE_PRICE":"0.02075792792792782","INSTANCE_TYPE":"m1.large","OS":"Linux/UNIX"}
{"AVERAGE_PRICE":"0.721412279881555","INSTANCE_TYPE":"c4.2xlarge","OS":"Windows"}
{"AVERAGE_PRICE":"0.50848656777915024","INSTANCE_TYPE":"r4.4xlarge","OS":"SUSE Linux"}
{"AVERAGE_PRICE":"0.40848656777915809","INSTANCE_TYPE":"r4.4xlarge","OS":"Linux/UNIX"}
{"AVERAGE_PRICE":"0.1471185226429092","INSTANCE_TYPE":"m3.large","OS":"Windows"}
{"AVERAGE_PRICE":"0.86788178010469885","INSTANCE_TYPE":"r4.8xlarge","OS":"SUSE Linux"}
{"AVERAGE_PRICE":"0.76788178010468644","INSTANCE_TYPE":"r4.8xlarge","OS":"Linux/UNIX"}
{"AVERAGE_PRICE":"3.7807463924050873","INSTANCE_TYPE":"r4.8xlarge","OS":"Windows"}
{"AVERAGE_PRICE":"2.177642033659227","INSTANCE_TYPE":"c4.4xlarge","OS":"Windows"}
{"AVERAGE_PRICE":"1.8496250000000127","INSTANCE_TYPE":"r4.4xlarge","OS":"Windows"}
{"AVERAGE_PRICE":"4.3421818995524157","INSTANCE_TYPE":"m4.16xlarge","OS":"SUSE Linux"}
{"AVERAGE_PRICE":"4.2421818995524143","INSTANCE_TYPE":"m4.16xlarge","OS":"Linux/UNIX"}
{"AVERAGE_PRICE":"0.16475147058823564","INSTANCE_TYPE":"m1.xlarge","OS":"Windows"}
{"AVERAGE_PRICE":"0.1304671924290223","INSTANCE_TYPE":"r4.large","OS":"SUSE Linux"}
{"AVERAGE_PRICE":"0.03046719242902261","INSTANCE_TYPE":"r4.large","OS":"Linux/UNIX"}
{"AVERAGE_PRICE":"0.12148196187819588","INSTANCE_TYPE":"r4.large","OS":"Windows"}
{"AVERAGE_PRICE":"0.32625052678626937","INSTANCE_TYPE":"c4.xlarge","OS":"Windows"}
{"AVERAGE_PRICE":"1.4697731818181763","INSTANCE_TYPE":"i3.large","OS":"Windows"}
{"AVERAGE_PRICE":"0.38412284946236247","INSTANCE_TYPE":"m3.xlarge","OS":"Windows"}
{"AVERAGE_PRICE":"25.9646278688525","INSTANCE_TYPE":"m4.16xlarge","OS":"Windows"}
{"AVERAGE_PRICE":"0.96124825227963073","INSTANCE_TYPE":"m2.xlarge","OS":"Windows"}
{"AVERAGE_PRICE":"0.66620402896177511","INSTANCE_TYPE":"m2.xlarge","OS":"SUSE Linux"}
{"AVERAGE_PRICE":"0.56620402896182354","INSTANCE_TYPE":"m2.xlarge","OS":"Linux/UNIX"}
{"AVERAGE_PRICE":"0.48678439383791305","INSTANCE_TYPE":"m4.xlarge","OS":"Windows"}
{"AVERAGE_PRICE":"3.0395441780821559","INSTANCE_TYPE":"m4.4xlarge","OS":"Windows"}
{"AVERAGE_PRICE":"0.55599416846651539","INSTANCE_TYPE":"i3.2xlarge","OS":"Windows"}
{"AVERAGE_PRICE":"0.29836764054891446","INSTANCE_TYPE":"i3.2xlarge","OS":"SUSE Linux"}
{"AVERAGE_PRICE":"0.19836764054892006","INSTANCE_TYPE":"i3.2xlarge","OS":"Linux/UNIX"}
{"AVERAGE_PRICE":"0.31354410339256478","INSTANCE_TYPE":"i3.xlarge","OS":"Windows"}
{"AVERAGE_PRICE":"0.21682202707647416","INSTANCE_TYPE":"i3.xlarge","OS":"SUSE Linux"}
{"AVERAGE_PRICE":"0.1168220270764723","INSTANCE_TYPE":"i3.xlarge","OS":"Linux/UNIX"}
{"AVERAGE_PRICE":"3.8774967592592757","INSTANCE_TYPE":"m2.4xlarge","OS":"Windows"}
{"AVERAGE_PRICE":"2.1446615342465707","INSTANCE_TYPE":"m2.4xlarge","OS":"SUSE Linux"}
{"AVERAGE_PRICE":"2.0446615342465506","INSTANCE_TYPE":"m2.4xlarge","OS":"Linux/UNIX"}
{"AVERAGE_PRICE":"0.20220249621785241","INSTANCE_TYPE":"c3.large","OS":"Windows"}
{"AVERAGE_PRICE":"0.2068413410770838","INSTANCE_TYPE":"r3.xlarge","OS":"SUSE Linux"}
{"AVERAGE_PRICE":"0.106841341077084","INSTANCE_TYPE":"r3.xlarge","OS":"Linux/UNIX"}
{"AVERAGE_PRICE":"0.29295386523356987","INSTANCE_TYPE":"r3.xlarge","OS":"Windows"}
{"AVERAGE_PRICE":"9.1612598347108971","INSTANCE_TYPE":"r3.8xlarge","OS":"Windows"}
{"AVERAGE_PRICE":"0.23803168180023476","INSTANCE_TYPE":"r4.2xlarge","OS":"SUSE Linux"}
{"AVERAGE_PRICE":"0.13803168180023553","INSTANCE_TYPE":"r4.2xlarge","OS":"Linux/UNIX"}
{"AVERAGE_PRICE":"0.40830034777955926","INSTANCE_TYPE":"r3.2xlarge","OS":"SUSE Linux"}
{"AVERAGE_PRICE":"0.308300347779556","INSTANCE_TYPE":"r3.2xlarge","OS":"Linux/UNIX"}
{"AVERAGE_PRICE":"27.667024806201621","INSTANCE_TYPE":"r4.16xlarge","OS":"Windows"}
{"AVERAGE_PRICE":"5.7724414599235088","INSTANCE_TYPE":"r4.16xlarge","OS":"SUSE Linux"}
{"AVERAGE_PRICE":"5.6724414599236077","INSTANCE_TYPE":"r4.16xlarge","OS":"Linux/UNIX"}
{"AVERAGE_PRICE":"1.1920398605461908","INSTANCE_TYPE":"r3.2xlarge","OS":"Windows"}
{"AVERAGE_PRICE":"6.726994389438909","INSTANCE_TYPE":"m4.10xlarge","OS":"Windows"}
{"AVERAGE_PRICE":"0.0740533858267709","INSTANCE_TYPE":"m3.medium","OS":"Windows"}
{"AVERAGE_PRICE":"0.247410342316099","INSTANCE_TYPE":"r4.xlarge","OS":"Windows"}
{"AVERAGE_PRICE":"1.639399945828822","INSTANCE_TYPE":"r3.4xlarge","OS":"Windows"}
{"AVERAGE_PRICE":"0.88394640883977482","INSTANCE_TYPE":"m4.2xlarge","OS":"Windows"}
{"AVERAGE_PRICE":"1.5170643814432547","INSTANCE_TYPE":"i3.4xlarge","OS":"SUSE Linux"}
{"AVERAGE_PRICE":"1.4170643814433423","INSTANCE_TYPE":"i3.4xlarge","OS":"Linux/UNIX"}
{"AVERAGE_PRICE":"26.699308064516057","INSTANCE_TYPE":"i3.4xlarge","OS":"Windows"}
{"AVERAGE_PRICE":"0.14070404459635041","INSTANCE_TYPE":"r3.large","OS":"SUSE Linux"}
{"AVERAGE_PRICE":"0.040704044596355939","INSTANCE_TYPE":"r3.large","OS":"Linux/UNIX"}
{"AVERAGE_PRICE":"1.8999043758967142","INSTANCE_TYPE":"m2.2xlarge","OS":"Windows"}
{"AVERAGE_PRICE":"0.69003824736748021","INSTANCE_TYPE":"m2.2xlarge","OS":"SUSE Linux"}
{"AVERAGE_PRICE":"0.59003824736746746","INSTANCE_TYPE":"m2.2xlarge","OS":"Linux/UNIX"}
{"AVERAGE_PRICE":"3.5375706642066214","INSTANCE_TYPE":"i3.8xlarge","OS":"SUSE Linux"}
{"AVERAGE_PRICE":"3.4375706642067105","INSTANCE_TYPE":"i3.8xlarge","OS":"Linux/UNIX"}
{"AVERAGE_PRICE":"60.47999999999989","INSTANCE_TYPE":"i3.8xlarge","OS":"Windows"}
{"AVERAGE_PRICE":"7.5972542713569373","INSTANCE_TYPE":"i3.16xlarge","OS":"SUSE Linux"}
{"AVERAGE_PRICE":"7.4972542713565975","INSTANCE_TYPE":"i3.16xlarge","OS":"Linux/UNIX"}
{"AVERAGE_PRICE":"120.95999999999977","INSTANCE_TYPE":"i3.16xlarge","OS":"Windows"}